{
  "AutofillAddressEnabled": false,
  "AutofillCreditCardEnabled": false,
  "BrowserSignin": 0,
  "DefaultNotificationsSetting": 2,
  "DeveloperToolsAvailability": 2,
  "EditBookmarksEnabled": false,
  "FullscreenAllowed": true,
  "IncognitoModeAvailability": 1,
  "SyncDisabled": true,
  "AutoplayAllowed": true,
  "BrowserAddPersonEnabled": false,
  "BrowserGuestModeEnabled": false,
  "DefaultPopupsSetting": 2,
  "DownloadRestrictions": 3,
  "VideoCaptureAllowed": true,
  "AllowFileSelectionDialogs": false,
  "PromptForDownloadLocation": false,
  "BookmarkBarEnabled": false,
  "PasswordManagerEnabled": false,
  "URLAllowlist": [
    "file:///home/neko/Downloads"
  ],
  "URLBlocklist": [
      "file://*",
      "chrome://policy"
  ],
  "ExtensionInstallAllowlist": [
      "cjpalhdlnbpafiamejdnhcphjbkeiagm",
      "mnjggcdmjocbbbhaepdhchncahnbgone"
  ],
  "ExtensionInstallBlocklist": [
      "*"
  ]
}
