{"af":"Afghani","al":"Albanian","et":"Amharic","ma":"Arabic (Morocco)","sy":"Arabic (Syria)","am":"Armenian","az":"Azerbaijani","ml":"Bambara","bd":"Bangla","by":"Belarusian","be":"Belgian","dz":"Berber (Algeria, Latin characters)","ba":"Bosnian","bg":"Bulgarian","mm":"Burmese","hr":"Croatian","cz":"Czech","dk":"Danish","mv":"Dhivehi","nl":"Dutch","bt":"Dzongkha","au":"English (Australian)","cm":"English (Cameroon)","gh":"English (Ghana)","ng":"English (Nigeria)","za":"English (South Africa)","us":"English (US)","gb":"English (UK)","ee":"Estonian","fo":"Faroese","ph":"Filipino","fi":"Finnish","fr":"French","ca":"French (Canada)","cd":"French (Democratic Republic of the Congo)","gn":"French (Guinea)","tg":"French (Togo)","ge":"Georgian","de":"German","at":"German (Austria)","ch":"German (Switzerland)","gr":"Greek","il":"Hebrew","hu":"Hungarian","cn":"Chinese","is":"Icelandic","in":"Indian","id":"Indonesian (Jawi)","iq":"Iraqi","ie":"Irish","it":"Italian","jp":"Japanese","kz":"Kazakh","kh":"Khmer (Cambodia)","kr":"Korean","kg":"Kyrgyz","la":"Lao","lv":"Latvian","lt":"Lithuanian","mk":"Macedonian","my":"Malay (Jawi)","mt":"Maltese","md":"Moldavian","mn":"Mongolian","me":"Montenegrin","np":"Nepali","no":"Norwegian","ir":"Persian","pl":"Polish","pt":"Portuguese","br":"Portuguese (Brazil)","ro":"Romanian","ru":"Russian","rs":"Serbian","lk":"Sinhala (phonetic)","sk":"Slovak","si":"Slovenian","es":"Spanish","ke":"Swahili (Kenya)","tz":"Swahili (Tanzania)","se":"Swedish","tw":"Taiwanese","tj":"Tajik","th":"Thai","bw":"Tswana","tr":"Turkish","tm":"Turkmen","ua":"Ukrainian","pk":"Urdu (Pakistan)","uz":"Uzbek","vn":"Vietnamese","sn":"Wolof"}